bin.size,step.size,context,ratio
200,50,CG,0.971408966148216
200,50,CHG,0.906450137236962
200,50,CHH,0.906450137236962
